number,first_name,last_name,gender,birth_date,employment_status,annual_salary,tax_file_no
483,Lenord,Kihn,M,01/07/1994,,64598.00,
478,Palma,Beahan,F,06/05/1972,PE,124103.00,
348,Hebert,Muller,M,04/09/1990,PE,100324.00,
757,Virginia,Ullrich,M,23/09/1991,PE,144957.00,
937,Roby,Hudson,M,15/01/1997,,137659.00,
264,Jaeda,Effertz,,21/03/1994,PE,131924.00,
165,Jalissa,Bogisich,F,07/01/1974,PE,101133.00,
211,Lexie,Robel,M,05/09/1997,,106595.00,
510,Billy,Reilly,M,30/04/1977,,75300.00,
940,Marlana,Moen,F,05/05/1979,CA,140611.00,
175,Aja,Lynch,M,21/08/1986,PE,69271.00,
772,Jabez,McLaughlin,M,12/01/1971,PE,141535.00,
950,Adrienne,Stokes,F,28/07/1982,CA,97453.00,
906,Florene,O'Connell,M,03/04/1979,PE,133971.00,
325,Migdalia,Sauer,M,24/08/1992,PE,144271.00,
194,Ace,Upton,,25/08/1987,PE,120120.00,
493,Jelani,Quitzon,M,20/03/1991,PE,93442.00,
901,Nikki,D'Amore,,09/08/1985,CA,108287.00,
712,Yahir,Kertzmann,F,27/10/1970,,95140.00,
936,Marsha,Ledner,F,23/12/1982,PE,143806.00,
327,Amarion,Larkin,M,28/06/1987,PE,145321.00,
431,Maynard,Zieme,,12/10/1982,PE,76354.00,
542,Mat,Nienow,F,14/06/1995,,141463.00,
78,Brannon,Goldner,F,09/04/1985,PE,72290.00,
90,Zilpha,Kreiger,F,21/07/1980,,91584.00,
855,Carla,Witting,F,07/02/1977,PE,96996.00,
621,Saint,Hayes,F,09/08/1993,,128053.00,
948,Gerry,Kunze,F,21/11/1990,,110341.00,
232,Urijah,McClure,F,29/04/1971,TE,105555.00,
377,Malcolm,Schmitt,M,30/03/1974,PE,59482.00,
458,Desmond,Pfeffer,F,07/04/1970,CA,72361.00,
171,Hope,Zboncak,F,18/07/1989,PE,109051.00,
163,January,Balistreri,F,26/10/1995,,63802.00,
409,Brionna,Block,F,17/04/1973,,55607.00,
88,Zain,Franecki,F,03/11/1972,PE,141171.00,
927,Jaelynn,Corkery,F,21/10/1999,PE,136524.00,
397,Millicent,Moen,M,15/03/1983,PE,116407.00,
289,Jeryl,Lesch,F,24/05/1971,PE,144888.00,
307,Percival,Flatley,F,11/12/1982,PE,67961.00,
982,Riley,Orn,,09/01/1978,PE,82041.00,
679,Katelin,Huels,M,17/12/1996,PE,65039.00,
700,Jaiden,Hirthe,M,26/09/1970,CA,62770.00,
911,Hildred,McKenzie,M,23/03/1970,PE,98515.00,
428,Mansfield,Mosciski,,22/03/1986,PE,135099.00,
609,Alana,Gaylord,F,27/10/1976,,71825.00,
442,Kyrie,Sanford,M,15/04/1992,PE,75514.00,
238,Addison,Sanford,,20/09/1977,CA,111234.00,
969,Marget,West,M,11/10/1979,PE,79230.00,
245,Gladis,Yost,,30/12/1996,PE,74821.00,
72,Laisha,Collier,F,23/10/1981,PE,131899.00,
829,Shade,Runte,M,08/11/1991,PE,56935.00,
900,Kate,Blick,F,10/05/1975,CA,90927.00,
586,Barton,Stokes,F,10/05/1991,PE,97214.00,
482,Anibal,Dare,M,23/05/1986,TE,149219.00,
932,Lucia,Bogan,M,27/10/1994,PE,137985.00,
337,Omar,Beier,M,22/01/1977,,125879.00,
561,Kari,Conn,F,19/01/1980,,58570.00,
22,Rashawn,Wyman,M,06/05/1995,,56155.00,
357,Darby,Herzog,M,24/05/1980,CA,72575.00,
990,Maryellen,Stanton,,26/09/1993,PE,80038.00,
151,Ephram,Lindgren,M,10/12/1994,CA,130053.00,
629,Broderick,Mills,F,25/04/1986,PE,104727.00,
725,Lance,Ratke,M,03/08/1979,PE,84832.00,
349,Kamora,Bednar,,24/07/1988,PE,72137.00,
241,Jaclyn,O'Connell,F,30/01/1993,PE,126787.00,
845,Kayleen,Hodkiewicz,F,29/05/1986,,58755.00,
194,Trilby,Hartmann,F,11/01/1979,PE,118209.00,
429,Ernie,Harber,M,15/10/1997,PE,70102.00,
38,Duke,Krajcik,M,29/09/1977,PE,136383.00,
687,Columbia,Pacocha,F,04/10/1994,PE,129147.00,
928,Furman,Kiehn,F,03/01/1974,,59444.00,
914,Phylicia,Gerlach,,18/12/1996,CA,146603.00,
840,Vassie,Turcotte,F,22/05/1999,PE,138513.00,
655,Trey,Conn,F,21/04/1978,PE,118809.00,
143,Ilo,Mohr,F,08/01/1985,PE,106096.00,
309,Wilfred,Willms,M,19/07/1998,,108311.00,
638,Crockett,Zieme,,25/08/1978,PE,86551.00,
156,Armstead,O'Kon,F,07/08/1984,PE,75042.00,
516,Chuck,Watsica,M,24/02/1984,,135153.00,
138,Nannette,Wintheiser,,05/10/1985,PE,124371.00,
845,Shellie,Zboncak,M,27/08/1988,PE,80332.00,
312,Rylie,Bode,M,05/03/1978,PE,146229.00,
971,Phebe,Turcotte,F,07/08/1988,,141422.00,
420,Judi,Daugherty,F,23/07/1980,PE,56124.00,
442,Lavon,Kunze,M,29/05/1991,PE,86608.00,
745,Norine,Bode,,02/10/1994,,112224.00,
592,Camisha,Casper,,02/07/1994,,59113.00,
144,Stanford,Roberts,,14/11/1996,PE,147941.00,
850,Jeffry,Kreiger,M,07/04/1983,PE,79429.00,
754,Elige,Rempel,M,11/12/1976,PE,84343.00,
444,Justus,Ullrich,M,17/01/1981,TE,90633.00,
657,Juana,Russel,F,08/07/1991,,142237.00,
835,Zelia,Lakin,M,02/07/1989,CA,125912.00,
503,Socorro,Barrows,M,06/08/1976,PE,135162.00,
287,Jory,Tromp,F,06/06/1985,PE,133805.00,
463,Ellison,Bednar,F,10/03/1984,PE,81377.00,
355,Theodis,Ruecker,F,28/06/1990,PE,126923.00,
829,Halley,Armstrong,M,15/07/1972,PE,96508.00,
130,Merwin,O'Keefe,,07/09/1981,TE,95193.00,
185,Quint,Halvorson,M,24/11/1978,TE,56029.00,
527,Terrance,Schroeder,F,02/06/1989,PE,76154.00,
850,Darryle,Stracke,,03/06/1978,TE,77865.00,
763,Effa,Senger,F,24/07/1974,TE,143664.00,
45,Tilman,Welch,F,24/05/1973,PE,114153.00,
45,Manilla,Daniel,M,06/07/1980,,89318.00,
88,Gustie,Feest,M,29/12/1976,PE,130311.00,
202,Brandon,Yost,F,22/01/1993,PE,84858.00,
327,Byrd,Wintheiser,M,01/11/1983,PE,62026.00,
373,Alize,Murazik,F,08/04/1972,,119571.00,
663,Rae,Wolf,,13/01/1998,,98996.00,
102,Ramona,Reichert,F,26/02/1977,PE,116332.00,
249,Elmer,Reichert,M,09/04/1978,PE,84094.00,
958,Chantel,Shanahan,M,22/05/1992,PE,72408.00,
293,Rob,Hagenes,M,27/01/1997,TE,73762.00,
221,Devonte,Erdman,M,15/09/1985,PE,59567.00,
105,Lucetta,Kemmer,M,22/03/1980,PE,72335.00,
387,Ellsworth,Carter,M,24/07/1979,TE,138540.00,
443,Tristin,Shields,F,25/08/1980,PE,97981.00,
683,Wesley,Wiza,F,07/06/1989,PE,68935.00,
144,Gavin,Kuhic,M,20/09/1985,PE,132542.00,
583,Camila,Tillman,M,03/04/1977,PE,99941.00,
504,Dorla,Stark,M,14/08/1998,,134767.00,
937,Emeline,Klocko,F,29/05/1975,PE,68156.00,
455,Isamar,Grimes,M,10/10/1991,TE,113122.00,
303,Dennis,Cole,M,16/04/1993,,147018.00,
66,Ott,Huels,M,17/07/1991,,106909.00,
813,Rudolf,Paucek,F,07/03/1972,,110663.00,
51,Fleda,Botsford,M,14/01/1989,PE,77949.00,
648,Luella,Tromp,M,24/01/1970,PE,55559.00,
911,Landen,Predovic,F,21/06/1988,CA,125038.00,
991,Malvina,Cole,F,25/09/1971,PE,66400.00,
301,Garrison,Schulist,M,14/10/1982,PE,109871.00,
622,Dakotah,Kirlin,M,05/11/1976,PE,93349.00,
104,Cephus,Botsford,M,11/09/1986,PE,84377.00,
31,Syreeta,Altenwerth,M,28/08/1999,PE,117554.00,
828,Magdalena,Reichert,M,02/09/1993,PE,55366.00,
728,Matie,Lubowitz,F,27/04/1984,PE,119788.00,
763,Kiara,Gerlach,M,26/11/1984,,108015.00,
360,Jasmin,Willms,F,27/08/1982,PE,126649.00,
483,Desirae,Frami,F,08/07/1982,PE,105702.00,
1,Kitty,Ruecker,F,24/07/1976,PE,90613.00,
512,Cordell,Rempel,F,10/04/1995,PE,120924.00,
41,Gladyce,Kovacek,F,24/05/1993,PE,110498.00,
102,Stacey,Rice,F,13/02/1975,TE,109856.00,
64,Marcello,Yost,M,15/04/1995,PE,59985.00,
569,Angella,Harvey,F,21/01/1988,CA,77758.00,
610,Sidney,Johnson,F,12/12/1990,PE,141549.00,
12,Efrain,Harber,,26/01/1995,,57029.00,
709,Loula,Botsford,F,19/01/1995,,100518.00,
196,Ebb,Thiel,M,19/10/1982,PE,142036.00,
486,Gorden,Vandervort,F,25/10/1977,PE,147202.00,
350,Maci,Hilll,F,23/11/1996,,124359.00,
222,Goldia,Kulas,F,22/09/1977,PE,145125.00,
446,Warren,Corkery,F,09/02/1990,PE,70914.00,
290,Frieda,Barrows,M,27/09/1981,PE,130890.00,
784,Vernie,Mann,,02/01/1994,,92651.00,
360,Myles,Ritchie,M,19/01/1979,,69366.00,
686,Harvy,Schmeler,,16/05/1982,PE,136674.00,
430,Jaylynn,Kerluke,M,09/10/1997,PE,130936.00,
867,Vicente,Veum,,14/04/1971,PE,98806.00,
921,Odis,Stracke,,06/05/1982,TE,86325.00,
898,Kristie,Ullrich,,11/10/1989,PE,108635.00,
505,Lue,Von,F,10/12/1986,PE,119230.00,
407,Baylie,Conroy,M,17/06/1988,TE,125274.00,
951,Farris,Hirthe,M,10/12/1986,,74274.00,
194,Travon,Schmitt,M,07/12/1999,CA,112990.00,
132,Esmeralda,Nolan,F,03/11/1996,PE,57474.00,
885,Barnett,Schneider,M,29/05/1980,PE,55153.00,
261,Harley,Conn,M,24/10/1983,PE,98869.00,
95,Hilah,Thompson,,06/05/1984,TE,103413.00,
141,Bayard,Bartoletti,M,21/11/1990,CA,115560.00,
215,Pasquale,Boyle,M,09/04/1971,CA,132888.00,
174,Devin,Reynolds,,15/01/1991,TE,56817.00,
137,Colette,Franecki,,02/06/1990,PE,127923.00,
525,Semaj,Rowe,M,07/07/1970,PE,89280.00,
769,Madaline,Hammes,F,24/05/1974,,66521.00,
610,Americo,Hyatt,M,23/09/1985,PE,148119.00,
875,Selmer,Vandervort,,10/01/1981,TE,116517.00,
410,Orren,Berge,,26/04/1997,TE,132390.00,
760,Durwood,Prosacco,M,31/08/1980,CA,114870.00,
235,Lakendra,Ruecker,,01/10/1973,PE,73881.00,
946,Mustafa,Kreiger,F,11/03/1983,PE,125503.00,
771,Ryleigh,Waters,,11/05/1975,PE,96238.00,
236,Boyd,Hirthe,,29/12/1986,PE,73884.00,
850,Arnulfo,Dickens,F,16/11/1995,PE,135303.00,
728,Carmel,Shields,F,08/01/1996,PE,81050.00,
626,Uriah,Schmidt,,08/12/1997,PE,88767.00,
493,Manda,McKenzie,F,07/10/1989,PE,59627.00,
424,Oland,Bradtke,M,07/07/1972,PE,96697.00,
540,Elisha,Haag,,25/01/1984,PE,74124.00,
167,Harmony,Welch,,18/07/1991,PE,83793.00,
54,Clovis,Romaguera,F,14/03/1992,PE,94327.00,
514,Kenny,Shields,M,30/11/1996,PE,133041.00,
333,Gidget,Champlin,M,28/04/1975,PE,57584.00,
757,Leota,O'Keefe,M,02/01/1994,,97408.00,
672,Sedrick,Waelchi,F,19/04/1975,TE,92351.00,
885,Estela,Smitham,F,06/04/1992,PE,123140.00,
135,Aletha,Konopelski,,18/01/1984,PE,60778.00,
217,Alec,Spinka,M,11/07/1993,PE,62865.00,
94,Davonta,Hoppe,M,22/09/1973,CA,132089.00,
384,Felecia,Bednar,M,23/03/1996,,106510.00,
536,Edmund,Champlin,F,27/05/1978,PE,117105.00,
428,Georgeann,Gislason,F,26/07/1991,CA,133563.00,
648,Reina,Roob,M,11/05/1994,,65167.00,
975,Evonne,McGlynn,,23/11/1989,TE,66660.00,
462,Doris,Effertz,M,15/04/1971,,89444.00,
332,Kazuko,Abbott,F,07/02/1990,PE,58642.00,
19,Jalen,Considine,F,09/12/1987,,110155.00,
531,Sky,Schowalter,F,17/06/1978,,68018.00,
232,Gaither,Jakubowski,,10/10/1987,PE,65128.00,
530,Sullivan,Mueller,F,24/02/1976,PE,114085.00,
763,Virginia,Heaney,F,09/12/1995,TE,110331.00,
93,Wells,Wyman,F,29/07/1975,,78807.00,
61,Florian,Beahan,,03/02/1978,PE,98027.00,
285,Merl,Wintheiser,,30/01/1980,PE,130592.00,
298,Edwina,Aufderhar,M,08/09/1989,PE,89080.00,
802,Hilton,Nienow,,13/10/1993,TE,75005.00,
172,Valentino,Borer,,16/01/1979,,103891.00,
945,Shanelle,Rolfson,F,01/09/1970,CA,140563.00,
426,Christop,Frami,M,06/01/1997,,56324.00,
945,Twila,Dickinson,F,15/02/1995,PE,65375.00,
286,Mickey,Hettinger,,02/07/1996,CA,79999.00,
272,Leonora,Kirlin,M,06/10/1987,PE,85853.00,
814,Kendall,Kilback,M,05/09/1984,PE,59078.00,
312,Osborne,Bayer,M,13/08/1990,PE,111836.00,
246,Alwilda,Lueilwitz,M,10/07/1999,PE,132499.00,
115,Pandora,Goodwin,F,24/04/1975,,139469.00,
222,Lucie,Murphy,M,22/05/1991,PE,146587.00,
499,Evette,Marquardt,M,26/03/1999,,80151.00,
827,Venie,Becker,M,15/03/1973,TE,148967.00,
409,Rhea,Runolfsdottir,M,13/09/1994,PE,98150.00,
992,Aleta,Kessler,F,02/11/1993,PE,94994.00,
106,Bennie,Deckow,F,20/10/1985,PE,86508.00,
858,Larkin,Aufderhar,F,14/11/1997,,113114.00,
613,Leva,Berge,M,08/06/1978,PE,90204.00,
242,Milo,Sanford,F,18/12/1973,PE,112077.00,
566,Mia,Von,M,11/07/1986,PE,103794.00,
532,Sula,Funk,F,06/04/1979,,73487.00,
293,Drury,Weissnat,,29/01/1982,PE,99258.00,
958,Ottis,Wiegand,F,27/09/1977,PE,139409.00,
296,Verona,Padberg,M,14/10/1998,,125561.00,
171,Christa,Roob,M,17/12/1996,TE,110838.00,
962,Walton,Howell,M,01/06/1996,PE,76389.00,
592,Marsha,Price,F,17/11/1982,TE,86095.00,
427,Herbert,Brown,F,21/05/1984,PE,130710.00,
896,Efrem,Cronin,,07/05/1989,TE,58196.00,
443,Zadie,Gorczany,M,21/06/1992,,123502.00,
240,Melissa,Bode,F,19/07/1986,CA,65725.00,
673,Aubrie,Kuphal,,29/09/1991,PE,148177.00,
875,Ione,Jerde,F,05/10/1971,PE,109073.00,
843,Lillian,Bogisich,,12/11/1991,PE,72411.00,
986,Elmyra,Mertz,M,15/04/1981,PE,105395.00,
482,Fran,Pagac,M,31/12/1992,PE,99065.00,
779,Bernard,Leuschke,,17/08/1980,,62571.00,
1,Kimberley,Kuhic,F,15/05/1990,,110182.00,
761,Flor,Schamberger,M,10/05/1984,PE,101162.00,
681,Sebrina,Gibson,F,24/03/1991,PE,72679.00,
732,Dandre,Bartoletti,F,16/06/1975,PE,65582.00,
383,Jennie,Feeney,F,05/02/1984,PE,108970.00,
764,Marisela,Green,F,03/12/1979,PE,67236.00,
763,Corda,Wehner,M,13/05/1990,CA,77291.00,
563,Draven,Gleichner,F,14/11/1993,PE,109525.00,
5,Jamal,Cole,M,31/01/1983,PE,109251.00,
411,Jennette,Kemmer,F,10/08/1993,PE,92197.00,
836,Tammy,Nolan,,02/08/1974,TE,127199.00,
707,Ewell,Sawayn,F,23/03/1993,PE,117610.00,
476,Zack,Koch,F,20/11/1970,PE,109910.00,
787,Willow,Shields,F,08/08/1994,PE,80748.00,
808,Katharyn,Boyer,M,28/01/1971,PE,103177.00,
202,Delwin,Satterfield,M,08/05/1992,TE,146286.00,
917,Jeff,Jacobs,M,06/11/1980,TE,98247.00,
795,Ashlyn,Schinner,M,21/10/1977,,102601.00,
454,Carmen,Lind,F,08/04/1997,TE,147651.00,
757,Toma,Leuschke,,31/05/1999,,90620.00,
403,Audry,Dickinson,F,15/04/1977,PE,60869.00,
785,Bridgette,Ward,F,13/07/1992,PE,77710.00,
948,Dorsey,Runte,M,25/04/1982,PE,84865.00,
439,Jesenia,Nicolas,M,28/02/1979,PE,89252.00,
919,Gerda,Hane,F,02/07/1994,PE,140632.00,
766,Jace,Russel,,29/11/1998,,71119.00,
678,Juliet,Hagenes,,19/08/1979,PE,83360.00,
301,Leonore,Stroman,M,18/02/1991,PE,58179.00,
905,Devon,Kozey,M,01/06/1973,,66593.00,
31,Teddy,Rath,M,17/02/1990,PE,109005.00,
469,Patric,O'Hara,F,17/03/1973,PE,120552.00,
687,Willie,Runte,,10/07/1998,,143318.00,
743,Baker,Auer,F,28/12/1986,PE,72467.00,
710,Donato,Vandervort,M,18/09/1985,PE,141040.00,
593,Syble,Ebert,,05/11/1994,PE,117818.00,
228,Newt,Kertzmann,F,14/05/1997,PE,80860.00,
748,Nevin,Nicolas,F,30/08/1989,TE,81635.00,
805,Tommie,Kreiger,F,19/02/1981,CA,139040.00,
46,Tyrese,Eichmann,F,18/07/1982,,81777.00,
841,Kimber,Larson,F,24/03/1998,PE,149164.00,
773,Dijon,Brakus,F,17/08/1982,,129734.00,
750,Mozelle,Ullrich,M,08/06/1999,PE,149146.00,
214,Gail,Erdman,F,23/10/1975,PE,84614.00,
779,Alannah,Spencer,M,02/08/1978,PE,55923.00,
373,Almond,Waters,M,15/04/1973,PE,93094.00,
710,Eldred,Kshlerin,F,24/09/1975,PE,92262.00,
645,Clearence,Turner,M,17/05/1997,PE,98536.00,
24,Ariella,Runte,F,26/12/1993,PE,107325.00,
845,Wendel,Dibbert,F,02/08/1992,PE,144099.00,
690,Markel,Beer,M,05/08/1997,PE,95954.00,
956,Williemae,Nikolaus,M,10/03/1973,PE,117500.00,
188,Fenton,Block,F,23/02/1990,PE,119342.00,
882,Christeen,Borer,M,12/09/1981,PE,133983.00,
105,Christa,Buckridge,M,23/05/1998,PE,139709.00,
486,Kelby,Hessel,M,21/06/1972,PE,103945.00,
520,Sky,Collins,,28/04/1984,CA,137270.00,
578,Raheem,Rogahn,M,05/09/1997,,119569.00,
892,Sonji,King,,09/12/1981,PE,107375.00,
696,Marco,Heidenreich,M,14/08/1978,PE,59639.00,
26,Albertus,Bernier,,06/01/1989,PE,101017.00,
520,Hazel,Bruen,F,19/01/1980,,89167.00,
965,Janell,Heaney,F,09/06/1991,PE,80659.00,
278,Lorelei,Spencer,M,10/02/1973,PE,126556.00,
892,Oline,Hagenes,F,25/02/1980,,124195.00,
49,Jordyn,Connelly,F,10/11/1990,PE,124399.00,
550,Dove,Runolfsdottir,F,04/03/1972,PE,137960.00,
259,Cain,Rath,,30/12/1980,PE,148413.00,
870,Shaniece,Kovacek,M,27/12/1990,PE,144102.00,
8,Alvy,Beahan,,05/08/1993,PE,66519.00,
74,Marlin,Collins,F,26/02/1981,PE,85519.00,
442,Jazmine,Goyette,,15/02/1990,,67732.00,
919,Michial,Oberbrunner,M,26/08/1983,PE,142240.00,
639,Dulcie,Lemke,F,15/05/1970,,59796.00,
611,Weldon,Cronin,M,26/12/1988,PE,83682.00,
279,Alaina,Klocko,F,07/09/1981,PE,125133.00,
445,Woodson,Bins,F,14/03/1992,PE,113482.00,
109,Odin,Metz,M,05/11/1999,PE,91335.00,
67,Marcy,Schuppe,M,31/12/1983,,142081.00,
462,Maddux,Fahey,M,01/07/1973,PE,74497.00,
976,Cinthia,Kutch,,02/09/1993,PE,121833.00,
69,Shaneka,Powlowski,,21/03/1995,PE,103204.00,
35,Virgia,Feil,,19/09/1987,TE,59488.00,
747,Gladys,Morissette,F,04/08/1987,PE,133905.00,
183,Heyward,Mueller,M,07/11/1984,,118215.00,
888,Byrdie,Rolfson,F,17/04/1988,,56176.00,
693,Hakim,Towne,F,05/01/1975,PE,132437.00,
611,Deetta,Lowe,F,11/01/1971,PE,107681.00,
77,Baldwin,Osinski,,08/08/1993,PE,72896.00,
276,Hart,Kunze,M,08/09/1974,CA,73245.00,
492,Edwin,Graham,M,02/05/1997,PE,138471.00,
202,Amarion,Tromp,,05/01/1970,CA,146723.00,
900,Izaiah,West,F,04/02/1994,TE,95099.00,
329,Jailene,Lakin,M,10/11/1987,CA,97618.00,
527,Dolly,Ryan,,26/03/1992,CA,120725.00,
436,Anahi,Will,,11/07/1981,PE,127531.00,
91,Ethelyn,Romaguera,,15/04/1994,PE,90500.00,
325,Latifah,Howe,M,22/03/1994,TE,81518.00,
208,Nancie,Smith,F,12/03/1998,PE,107216.00,
211,Alyce,Haag,M,05/10/1979,PE,106761.00,
583,Jayce,Kub,,29/05/1982,PE,97761.00,
460,Abbey,Fahey,F,27/08/1982,,124621.00,
886,Baby,Towne,F,14/09/1983,TE,95548.00,
960,Madonna,Schmeler,,20/06/1972,PE,94692.00,
533,Algernon,Spencer,,30/03/1983,PE,72979.00,
391,Iesha,Marvin,,27/06/1986,CA,128357.00,
749,Hartley,Harber,,05/05/1978,,148713.00,
825,Loris,Volkman,M,26/07/1994,CA,83511.00,
492,Sidney,Reilly,,11/02/1977,TE,67500.00,
619,Dijon,Kohler,,02/07/1988,,82779.00,
674,Delpha,Frami,F,02/06/1986,PE,95014.00,
578,Lenord,Mraz,M,25/06/1997,PE,102116.00,
713,Ula,Rogahn,M,01/04/1997,,97009.00,
411,Royal,Balistreri,,24/04/1981,PE,112817.00,
237,Leora,Tromp,M,13/06/1984,TE,84218.00,
10,Pate,Weber,F,03/01/1992,PE,71722.00,
957,Damon,Rutherford,M,24/02/1976,CA,91380.00,
307,Colt,Schmitt,F,31/07/1990,,79093.00,
101,Khalilah,Flatley,M,31/03/1974,PE,91171.00,
667,Hymen,Kub,M,17/01/1982,PE,64141.00,
195,Mustafa,Emard,M,16/03/1972,PE,55003.00,
963,Burley,Lakin,F,06/12/1971,CA,116648.00,
566,Minor,Bradtke,,28/01/1978,CA,111715.00,
212,Fredy,Mraz,F,05/05/1994,PE,104426.00,
922,Errol,Pfeffer,M,17/01/1992,,91406.00,
992,Oda,Becker,M,22/06/1980,PE,76005.00,
893,Janiah,Little,F,03/12/1978,PE,142787.00,
798,Clinton,Morar,M,05/09/1991,PE,118143.00,
503,Patrick,Boehm,,23/10/1989,,111033.00,
580,Rashaan,Mills,M,16/05/1997,PE,72516.00,
813,Laura,Hartmann,F,05/12/1988,PE,63915.00,
812,Sincere,Russel,F,21/10/1996,PE,139171.00,
491,Chelsi,Parisian,M,24/02/1987,PE,142266.00,
866,Nadine,Bednar,F,26/08/1978,PE,128460.00,
389,Skyla,Kris,M,02/02/1971,CA,149507.00,
808,Aleah,Bosco,M,13/04/1976,PE,67831.00,
269,Mabel,VonRueden,M,21/01/1979,PE,76933.00,
116,Dionte,Hettinger,,21/09/1995,,96590.00,
206,Ardell,Swift,F,15/06/1997,PE,146257.00,
89,Yuridia,Rodriguez,,22/01/1984,TE,129460.00,
686,Jedidiah,Carroll,M,16/02/1976,PE,124095.00,
429,Izetta,Keeling,M,12/06/1973,,138064.00,
235,Eugenie,Senger,M,19/10/1998,TE,125441.00,
450,Carrol,Little,M,02/12/1982,PE,75423.00,
714,Sylvan,Spinka,F,09/11/1985,PE,94445.00,
299,Alvin,Marvin,F,21/07/1989,,109310.00,
556,Kahlil,Glover,M,19/02/1983,TE,70487.00,
187,Audie,Weimann,F,14/11/1972,PE,118431.00,
24,Abbott,Rippin,F,11/03/1984,PE,93348.00,
350,Wanda,Cartwright,M,09/09/1981,PE,87829.00,
165,Bennett,Bahringer,M,16/04/1971,PE,66507.00,
643,Stella,Homenick,M,29/09/1975,PE,149108.00,
794,Daniel,Zboncak,M,23/10/1984,PE,97560.00,
274,Salina,Hammes,F,16/04/1979,TE,122286.00,
366,Jaimee,Ryan,M,14/05/1983,PE,65156.00,
552,Sydni,Rutherford,,27/12/1995,PE,123683.00,
997,Andrew,Schulist,F,02/01/1971,PE,101940.00,
376,Kyle,Ankunding,F,31/08/1980,PE,146364.00,
622,Marley,Okuneva,F,27/10/1978,PE,146836.00,
296,Isiah,Crist,,12/10/1984,CA,85347.00,
659,Tatyana,Cassin,M,04/02/1987,TE,62908.00,
511,Mace,Cormier,M,29/05/1993,PE,122923.00,
870,Jacquez,Gutmann,F,20/01/1979,TE,75846.00,
852,Alston,Bauch,,04/12/1979,PE,109846.00,
457,Kaelynn,Pollich,M,02/12/1995,CA,148552.00,
751,Brooke,Morar,F,01/08/1983,PE,126294.00,
132,Keira,Lubowitz,M,27/01/1986,PE,137921.00,
966,Donal,Fay,M,27/05/1998,CA,64259.00,
11,Buna,Connelly,M,01/01/1990,PE,148038.00,
691,Georgie,Friesen,F,14/07/1986,PE,125873.00,
346,Albertus,Littel,M,06/03/1994,,55958.00,
482,Rahn,Gusikowski,,02/04/1989,CA,124691.00,
707,Leesa,Friesen,M,18/09/1996,,80722.00,
110,Metta,Trantow,,21/12/1977,PE,122444.00,
606,Stafford,King,M,12/12/1996,,60367.00,
581,Tobi,Cummings,M,07/10/1990,TE,135521.00,
491,Cherelle,Waelchi,M,05/07/1982,PE,56568.00,
304,Iesha,Franecki,M,16/07/1975,TE,100401.00,
75,Donat,Ryan,M,15/07/1978,PE,88653.00,
483,Melissia,Strosin,F,13/12/1973,PE,100176.00,
892,Celestine,Walker,M,12/10/1972,CA,83549.00,
332,Alston,Grimes,M,14/05/1977,CA,118206.00,
447,Francies,Schoen,F,04/11/1993,PE,94327.00,
713,Kaci,Berge,,22/03/1990,PE,72666.00,
541,Claire,Kiehn,M,07/12/1976,PE,70316.00,
92,Love,Bode,F,16/08/1990,PE,101786.00,
587,Sherrie,Hudson,,04/10/1970,PE,145960.00,
766,Johathan,Cruickshank,M,31/07/1982,CA,130472.00,
85,Galilea,Waters,,24/07/1970,PE,135774.00,
667,Tasia,Nitzsche,F,06/03/1972,PE,117011.00,
138,Freddie,Emmerich,M,19/12/1987,,138387.00,
812,Kayley,Walker,,13/08/1981,,89921.00,
910,Violet,Metz,M,09/03/1978,CA,106724.00,
499,Cheyanne,Wiza,M,08/03/1995,PE,117399.00,
814,Jarrod,Williamson,F,24/07/1989,PE,126979.00,
762,Dolores,Trantow,F,24/05/1999,PE,117449.00,
377,Corry,Wehner,M,08/04/1984,PE,93686.00,
607,Taj,Cole,,11/12/1994,PE,92292.00,
160,Denice,Hayes,,17/06/1976,PE,115752.00,
112,Elease,Torp,F,31/01/1990,PE,89048.00,
87,Citlalli,Dach,F,02/07/1993,PE,133519.00,
880,Shelly,Konopelski,M,28/05/1990,PE,111792.00,
501,Raquan,Schmeler,F,31/05/1990,CA,137343.00,
447,Marin,Schowalter,,23/10/1981,CA,119484.00,
235,Melody,Farrell,M,05/06/1981,PE,89670.00,
894,Virgie,Bradtke,M,06/10/1994,PE,86863.00,
718,Lindy,Gottlieb,M,25/02/1994,PE,66430.00,
57,Odie,Veum,F,23/07/1988,,85210.00,
870,Dillan,Turcotte,M,29/07/1995,PE,68520.00,
71,Bobbie,Kessler,F,03/09/1970,TE,119641.00,
418,Doreen,Baumbach,F,29/03/1980,PE,55033.00,
707,Erling,Nienow,F,31/12/1970,,94938.00,
723,Williemae,Wilkinson,M,22/10/1987,PE,106398.00,
692,Val,Schmitt,M,06/05/1977,PE,132677.00,
712,Damian,Marvin,F,21/05/1975,PE,135791.00,
686,Charlsie,Hirthe,M,15/08/1975,PE,62393.00,
144,Tracey,Lebsack,F,24/04/1975,CA,72866.00,
656,Isabel,Hilpert,M,01/03/1977,CA,64781.00,
999,Maceo,Wisoky,M,12/11/1983,PE,142838.00,
606,Jonell,Frami,M,30/03/1989,PE,64124.00,
57,Shelli,Hettinger,,18/09/1976,PE,95690.00,
692,London,Denesik,M,05/01/1992,CA,72160.00,
62,Ivonne,Langworth,F,01/03/1977,TE,132528.00,
515,Adelard,Abshire,F,15/12/1973,PE,66031.00,
419,Royal,Leffler,F,18/12/1998,PE,143991.00,
565,North,McLaughlin,F,31/10/1988,PE,128329.00,
573,Laverne,Schiller,F,05/03/1976,PE,131800.00,
398,Chase,Goyette,F,16/12/1982,CA,149717.00,
318,Makena,Heidenreich,M,27/08/1974,CA,95112.00,
606,Lorrie,Crist,F,25/07/1981,PE,111104.00,
364,Korbin,Ondricka,M,19/12/1981,TE,121109.00,
607,May,Doyle,F,21/06/1992,PE,65658.00,
222,Elodie,Heller,M,15/06/1998,PE,131562.00,
477,Nathaly,Adams,M,29/01/1974,PE,100052.00,
954,Margarite,Cassin,F,10/07/1981,PE,61076.00,
743,Zack,Kling,F,21/11/1981,PE,138431.00,
606,Vela,Lueilwitz,M,13/11/1979,TE,61581.00,
225,Michaela,Sanford,F,05/05/1976,PE,70382.00,
997,Brook,Turner,M,21/06/1990,,80734.00,
275,Moody,Fritsch,F,02/10/1992,PE,62066.00,
266,Giovani,Friesen,F,26/03/1980,CA,87001.00,
924,Takisha,Stanton,F,19/06/1996,PE,100116.00,
863,Eileen,Boyle,F,25/05/1995,CA,96924.00,
681,Triston,Yundt,F,29/03/1970,TE,86467.00,
942,Kaiya,Legros,,15/10/1986,,63683.00,
10,Saige,Casper,M,03/08/1990,,61597.00,
884,Pablo,Bogan,M,03/11/1989,,123759.00,
901,Lary,Krajcik,M,30/08/1993,PE,73623.00,
630,Iola,Hilpert,M,01/12/1974,,100923.00,
219,Vicente,Wiegand,M,07/04/1992,PE,67066.00,
476,Jerrilyn,Jakubowski,,17/06/1975,TE,88637.00,
597,Tessa,Howell,,07/10/1982,PE,83065.00,
500,Torrance,Hahn,,13/06/1994,PE,89393.00,
353,Gigi,Heathcote,,26/01/1997,PE,143397.00,
345,Jajuan,Leffler,M,15/04/1981,,92701.00,
261,Garey,Vandervort,F,19/07/1971,PE,67132.00,
624,Serenity,Senger,F,19/04/1993,TE,85681.00,
747,Vernia,Ritchie,M,25/10/1988,,70673.00,
762,Geary,Nienow,M,03/11/1980,PE,59300.00,
387,Iva,Green,F,30/07/1978,PE,67147.00,
824,Kami,Langworth,M,22/08/1996,PE,72960.00,
65,Faith,Becker,F,16/12/1992,PE,99575.00,
662,Sherwin,Witting,F,01/05/1977,PE,73338.00,
462,Penelope,Crona,M,12/06/1999,PE,80458.00,
341,Helena,Runte,,09/12/1996,PE,60112.00,
161,Zion,Cronin,,30/09/1991,PE,115523.00,
708,Opal,Koelpin,M,21/02/1975,PE,132691.00,
997,Agusta,Emmerich,M,05/12/1972,PE,114085.00,
687,Christa,King,F,25/03/1994,CA,128960.00,
213,Lyn,Bechtelar,F,27/04/1990,TE,104808.00,
544,Karol,Parisian,M,01/06/1992,TE,99501.00,
553,Brandi,Klein,F,19/10/1976,PE,71013.00,
885,Elvis,Medhurst,F,25/08/1987,CA,141046.00,
799,Clemens,Heathcote,F,15/08/1985,PE,107976.00,
846,Cleo,O'Kon,M,22/12/1974,PE,108288.00,
302,Vernell,Schmidt,F,08/08/1983,,123021.00,
878,Monnie,Mante,F,29/06/1997,TE,91829.00,
33,Brittnay,Yundt,,30/09/1984,PE,70648.00,
866,Corinna,Parker,F,04/03/1985,CA,84403.00,
90,Greyson,Bruen,F,30/10/1972,CA,144889.00,
801,Kazuko,Bechtelar,,03/04/1995,PE,97902.00,
645,Kayley,Predovic,F,20/05/1973,,108400.00,
464,Texanna,Rohan,F,09/09/1997,PE,140536.00,
739,Camille,Renner,,07/01/1988,,121689.00,
586,Arianna,Gorczany,F,15/10/1973,,87397.00,
148,Celeste,Bernhard,M,24/04/1973,CA,76386.00,
957,Nettie,Monahan,,06/07/1998,PE,91047.00,
353,Annika,Runte,M,24/07/1992,,62438.00,
328,Otha,Keebler,F,04/02/1990,PE,141310.00,
446,Jan,Fahey,M,25/10/1987,PE,144382.00,
583,Wally,Cremin,F,04/12/1978,PE,110306.00,
143,Miranda,Hagenes,M,21/04/1980,TE,68804.00,
326,Mandy,Greenfelder,,16/11/1995,PE,79047.00,
449,Tyquan,Sanford,F,10/09/1982,,111819.00,
806,Clair,Stokes,M,31/08/1978,PE,76691.00,
846,Rutha,Emmerich,F,16/12/1993,CA,73547.00,
360,Claud,Schultz,,04/12/1971,PE,73087.00,
492,Claudine,O'Conner,,12/07/1994,,61888.00,
430,Joseph,Reynolds,M,28/12/1977,PE,97293.00,
476,Lamonte,Rolfson,M,27/09/1979,PE,68661.00,
12,Alesia,Hirthe,M,21/04/1979,PE,126664.00,
395,Abie,Kuhn,F,13/09/1981,PE,109730.00,
631,Becky,Murazik,F,26/03/1987,PE,112854.00,
80,Zelpha,White,M,07/12/1999,PE,84398.00,
517,Alice,Doyle,M,01/08/1998,PE,119391.00,
617,Rickey,Aufderhar,,27/12/1994,PE,139864.00,
387,Jalen,Waters,F,22/09/1980,PE,118124.00,
782,Harmony,Witting,M,06/11/1987,PE,91591.00,
386,Delmas,Daugherty,,13/02/1997,,69926.00,
541,Ruth,Eichmann,,19/03/1973,,98816.00,
682,Shawanda,Harber,F,29/01/1990,PE,130551.00,
8,Paola,Kilback,F,09/11/1981,PE,61536.00,
374,Birt,Farrell,F,31/08/1971,PE,86943.00,
362,Janyce,Yundt,F,18/01/1983,PE,82091.00,
372,Mauricio,Bergnaum,F,25/07/1975,CA,140239.00,
445,Darrius,Roberts,,21/01/1977,PE,56414.00,
607,Garvin,Hermann,,21/11/1988,PE,138378.00,
984,Felicity,Renner,M,14/08/1978,PE,81751.00,
762,Jerica,Sauer,M,12/03/1982,,120954.00,
615,Kyleigh,Rutherford,F,12/12/1997,PE,67230.00,
270,Loula,Hahn,F,23/09/1998,PE,107869.00,
817,Lacey,Dickens,F,23/07/1971,,96147.00,
456,Denine,Crona,M,29/10/1981,PE,105854.00,
765,Hildur,Marvin,,10/01/1989,PE,120225.00,
428,Salomon,Carter,M,30/05/1987,,96431.00,
951,Emery,Steuber,M,09/02/1988,,77892.00,
289,Uriah,Bashirian,M,22/03/1974,PE,102185.00,
705,Kathyrn,Balistreri,F,06/03/1999,PE,68773.00,
37,Jolette,Marks,M,12/10/1977,,132173.00,
185,Wally,Hirthe,M,20/07/1991,PE,129998.00,
939,Kennard,Hintz,M,12/06/1988,PE,71052.00,
695,Mack,Nolan,F,26/01/1998,PE,121793.00,
288,Rubie,Hartmann,M,06/09/1996,PE,64643.00,
244,Helene,Medhurst,M,13/08/1982,PE,123711.00,
725,Nova,Klein,F,28/12/1973,PE,123331.00,
227,Leone,Upton,M,08/03/1988,CA,148436.00,
676,Jaelynn,Morissette,M,24/01/1981,,96862.00,
480,Jarrad,Schmitt,,19/02/1988,PE,126906.00,
251,Burnie,Marvin,,16/02/1998,PE,76057.00,
513,Devyn,O'Conner,M,12/01/1994,PE,130685.00,
281,Alston,Davis,F,05/08/1970,,123387.00,
216,Jazlyn,Davis,M,11/04/1994,CA,118945.00,
979,Emery,Conn,M,23/10/1995,PE,138214.00,
48,Ruffin,Medhurst,M,13/11/1994,PE,67369.00,
632,Sharonda,Doyle,M,22/10/1982,PE,71172.00,
793,Laurene,Kohler,M,15/02/1978,PE,121461.00,
967,Novella,Streich,,05/06/1992,PE,127460.00,
110,Benny,Jenkins,,11/11/1973,TE,86686.00,
310,Tolbert,Trantow,M,07/09/1994,PE,91941.00,
914,Tab,Zulauf,M,15/06/1991,PE,68168.00,
284,Francies,McGlynn,F,05/05/1991,PE,131460.00,
310,Sammy,Dickinson,F,20/04/1996,PE,136082.00,
509,Clemens,West,,12/10/1981,PE,134268.00,
520,Olan,Homenick,,07/09/1991,TE,148916.00,
282,Waymon,Bauch,M,29/12/1973,PE,118954.00,
721,Hasel,Leannon,M,31/07/1989,CA,121109.00,
424,Gaylon,Fadel,,05/10/1991,TE,64107.00,
277,Rosanne,Heathcote,F,23/06/1993,,67357.00,
475,Abe,Schultz,M,15/11/1994,CA,71706.00,
963,Bea,Lueilwitz,F,16/01/1988,PE,85676.00,
82,Rennie,Koch,M,24/08/1993,TE,132854.00,
400,Adonis,Kessler,M,01/11/1979,PE,86648.00,
627,Edwin,Abbott,M,21/12/1979,,139549.00,
317,Arthur,Beatty,M,04/07/1974,,89660.00,
126,Ulises,Nicolas,F,30/04/1995,PE,134165.00,
673,Demian,Barrows,F,29/07/1980,PE,74930.00,
818,Racheal,Funk,M,23/01/1988,PE,120223.00,
509,Kendall,Harvey,M,18/10/1975,CA,142874.00,
313,Danette,Ward,,30/07/1987,TE,129422.00,
392,Karma,Shields,F,16/07/1983,TE,103352.00,
632,Linette,Mante,,27/05/1997,PE,146708.00,
303,Martell,Kassulke,,20/02/1972,TE,127189.00,
82,Gwyneth,Prosacco,,13/09/1995,PE,55602.00,
928,Domenico,Howe,,19/01/1973,PE,136394.00,
318,Bev,Schuster,F,23/06/1981,PE,69093.00,
160,Zita,Hermiston,M,29/04/1997,PE,128330.00,
672,Fannie,Lemke,M,04/09/1990,PE,85872.00,
548,Francine,Mayer,M,17/02/1997,PE,80200.00,
733,Lilla,Blanda,,14/11/1978,PE,66934.00,
21,Elaine,Barrows,M,08/06/1983,PE,59553.00,
428,Marylee,Schimmel,F,29/06/1998,PE,98535.00,
109,Joselyn,Schmeler,M,23/06/1970,PE,84979.00,
66,Savilla,Bernier,F,16/07/1974,PE,122832.00,
184,Sheree,Morar,M,22/03/1997,CA,86222.00,
366,June,Hamill,,04/02/1981,TE,74381.00,
410,Johan,Haag,F,08/06/1975,PE,118838.00,
277,Bliss,Abshire,F,20/08/1985,PE,106218.00,
489,Karma,Herman,F,22/12/1994,PE,111818.00,
368,Celia,Konopelski,F,08/01/1986,PE,61724.00,
826,Braydon,Ritchie,F,17/05/1995,PE,60911.00,
514,Mickey,Pagac,F,23/05/1984,CA,133279.00,
177,Carmelita,Bednar,M,22/02/1997,,71107.00,
438,Gracelyn,Friesen,M,07/08/1974,PE,73455.00,
263,Lorrayne,Volkman,M,13/11/1988,TE,121555.00,
779,Codey,Nitzsche,F,18/06/1981,CA,85500.00,
631,Milan,O'Conner,M,01/07/1975,,116626.00,
108,Myrta,Kuvalis,M,24/01/1990,PE,106103.00,
208,Minerva,Sawayn,M,09/08/1979,CA,139741.00,
634,Corina,Schowalter,,02/03/1974,PE,91252.00,
575,Qiana,Gutkowski,,25/10/1971,PE,115611.00,
789,Reid,Tromp,M,20/08/1990,,136597.00,
981,Keanna,Nicolas,F,08/05/1994,PE,64265.00,
76,Wilhelm,Halvorson,M,18/06/1984,,56856.00,
627,Alphonsine,Bode,F,13/07/1978,PE,72830.00,
484,Aryana,Hammes,M,19/06/1973,PE,93551.00,
193,Imanol,Streich,M,30/09/1974,PE,76056.00,
570,Corda,Lowe,,18/04/1979,,70581.00,
983,Rosendo,Rau,F,06/11/1987,PE,80392.00,
473,Misti,Hammes,M,14/05/1970,,117924.00,
744,Ivory,Mante,M,04/09/1984,CA,81133.00,
34,Aimee,Sauer,M,18/11/1992,CA,125785.00,
99,Austin,Hahn,F,01/05/1975,,88848.00,
257,Vergie,Tremblay,F,09/12/1987,CA,149999.00,
142,Ashby,Waelchi,F,12/08/1985,,119416.00,
172,Medora,Wisoky,M,13/09/1994,PE,113470.00,
924,Ocie,Lakin,M,09/12/1970,TE,71623.00,
632,Josephus,Collier,M,13/11/1986,,103524.00,
267,Karlee,Labadie,M,17/11/1975,PE,108276.00,
391,Raekwon,Kuhn,F,06/02/1972,CA,149482.00,
673,Haleigh,Herzog,M,24/07/1994,,115672.00,
472,Johny,Volkman,M,25/07/1998,PE,143599.00,
438,Blanchard,Ryan,M,15/01/1997,PE,138655.00,
222,Yaakov,Skiles,,17/05/1988,,134281.00,
335,Antionette,Morar,,13/09/1973,,76351.00,
535,Armani,McClure,F,20/06/1973,TE,110082.00,
46,Nevada,Kunde,F,10/05/1986,PE,112824.00,
824,Brendan,Block,F,10/10/1996,TE,123597.00,
47,Deasia,Herzog,M,15/08/1972,CA,102541.00,
398,Alene,Kuvalis,F,11/10/1973,PE,103230.00,
498,Christion,Jones,,20/10/1987,CA,119208.00,
717,Helyn,Fadel,F,05/09/1985,PE,70770.00,
805,Blanche,Abernathy,,25/06/1989,PE,77772.00,
983,Gerald,Pfeffer,M,25/03/1999,CA,97350.00,
919,Carter,Howe,F,12/08/1978,PE,109318.00,
353,Hayden,Koepp,F,01/01/1991,PE,119933.00,
900,Encarnacion,Hand,,11/06/1977,PE,77769.00,
835,Vikki,Schiller,M,31/10/1984,PE,72145.00,
758,Avis,Hayes,M,01/02/1987,,67180.00,
108,Meryl,Wunsch,M,04/11/1999,TE,73793.00,
900,Talmage,Kirlin,F,07/02/1977,TE,118016.00,
297,Clemmie,Crist,M,24/04/1988,CA,67216.00,
837,Nikhil,Lemke,F,06/06/1982,PE,109382.00,
413,Keeley,Conroy,F,17/01/1970,PE,55726.00,
791,Asia,Hane,F,20/12/1995,,110038.00,
551,Arden,Hoeger,F,25/04/1988,,89713.00,
175,Melton,Sporer,,24/11/1994,CA,115644.00,
344,Elyse,Stroman,F,24/01/1975,PE,107074.00,
94,Samara,Erdman,F,29/10/1991,PE,119930.00,
188,Gracie,Shanahan,M,21/09/1992,PE,61106.00,
867,Greta,Dickinson,F,29/04/1990,PE,81093.00,
291,Solomon,Ziemann,M,30/05/1975,,86358.00,
273,Davis,Price,,17/03/1990,PE,81471.00,
744,Viridiana,Beahan,F,29/03/1986,PE,142546.00,
961,Meryl,Hammes,F,31/03/1974,,145884.00,
570,Chimere,Wunsch,F,13/08/1997,PE,94717.00,
453,Lucretia,Mante,F,24/10/1976,PE,98550.00,
446,Kristian,Heidenreich,F,11/07/1975,PE,146795.00,
358,Payton,Homenick,,02/03/1994,,59924.00,
270,Rigoberto,Swift,,27/12/1986,PE,133069.00,
348,Tiffanie,Hessel,F,09/03/1987,PE,64381.00,
410,Emeline,Jast,M,08/12/1994,PE,129714.00,
343,Eldred,Hahn,M,02/09/1998,PE,146067.00,
204,Selah,Pfeffer,,20/04/1991,,90609.00,
866,Park,Harber,M,23/12/1989,PE,94897.00,
116,Eboni,Feest,M,13/06/1981,,140226.00,
520,Inga,Boehm,M,08/05/1976,PE,129020.00,
198,Acy,Paucek,M,17/11/1992,,146126.00,
937,Rylan,Stroman,M,24/06/1971,PE,141575.00,
675,Madden,Hessel,M,21/08/1978,PE,137376.00,
50,Lavada,Schmidt,M,15/05/1987,,101898.00,
784,Julisa,Murazik,,30/09/1987,PE,75235.00,
554,Denisha,Price,M,21/06/1999,PE,87662.00,
941,Jose,Breitenberg,F,02/07/1985,,142567.00,
889,Hollie,Muller,,04/04/1973,CA,116101.00,
327,Renea,Erdman,M,03/08/1986,PE,64245.00,
847,Dequan,Brown,,29/05/1986,PE,119370.00,
512,Sybilla,Kreiger,M,20/09/1981,PE,89122.00,
163,Ester,Emmerich,M,13/08/1989,,134033.00,
98,Carmen,Macejkovic,,13/06/1987,PE,128497.00,
110,Julie,Wiegand,F,24/05/1982,PE,141991.00,
167,Nick,Little,M,20/08/1980,PE,103003.00,
326,Denton,Becker,F,13/05/1984,PE,60045.00,
351,Kurt,Nikolaus,F,14/12/1980,PE,101337.00,
352,Austin,Collins,,12/01/1991,,59530.00,
743,Katerina,Runolfsson,F,05/07/1990,PE,87137.00,
569,Fernanda,Anderson,,11/11/1973,PE,100056.00,
36,Ardell,Von,M,03/03/1989,CA,110429.00,
684,Ethelbert,Koch,F,15/04/1972,PE,124780.00,
84,Akeelah,Kris,M,22/02/1981,PE,123656.00,
157,Shana,Prosacco,,01/11/1973,PE,64181.00,
474,Carey,Harber,,09/05/1990,PE,140852.00,
12,Ursula,Wintheiser,M,26/11/1999,,135046.00,
124,Alaina,Hilpert,,09/01/1987,PE,62046.00,
12,Javion,Moore,M,13/02/1976,,137513.00,
427,Kelsey,Feil,F,14/04/1981,TE,122762.00,
414,Almeda,Murazik,M,12/03/1988,TE,134422.00,
237,Lauri,Hodkiewicz,,09/05/1975,,59596.00,
445,Octavia,Cormier,F,21/03/1978,,80301.00,
439,Esther,Cartwright,M,14/09/1998,,85697.00,
253,Margot,Connelly,F,30/04/1982,,75082.00,
558,Monroe,Pacocha,M,22/08/1986,PE,122011.00,
705,Elmo,Jacobson,M,26/01/1982,PE,104313.00,
208,Jedidiah,Zieme,,20/10/1999,CA,85879.00,
51,Berkley,Nader,M,05/01/1982,PE,69904.00,
36,Einar,Beier,F,06/09/1971,,113541.00,
780,Casen,Rowe,M,22/04/1990,,120179.00,
996,Linnie,Larson,F,04/03/1980,PE,92815.00,
366,Karel,McLaughlin,M,14/05/1984,TE,84829.00,
892,Theta,Kirlin,M,29/08/1975,PE,115004.00,
745,Anjanette,Marvin,F,11/08/1996,,74834.00,
537,Clarence,Kemmer,,05/01/1993,,89101.00,
98,Leroy,Kuhic,F,18/12/1992,CA,149322.00,
527,Aurora,Fritsch,M,12/05/1970,CA,132233.00,
780,Destiny,Kirlin,M,30/09/1994,CA,120558.00,
558,Miley,Kshlerin,M,21/11/1994,,66572.00,
797,Corinne,Becker,,24/03/1996,,121953.00,
130,Oney,Purdy,M,20/12/1976,PE,59579.00,
735,Davon,Conn,,04/02/1971,,126723.00,
490,Chace,Crist,F,02/01/1985,PE,71364.00,
971,Elvis,Bosco,,07/03/1977,PE,130542.00,
31,Jory,Waters,,05/10/1970,,80945.00,
285,Pennie,Goodwin,,26/03/1997,PE,76698.00,
609,Arbie,Wiza,,07/12/1993,PE,82997.00,
370,Theresa,Gulgowski,M,10/01/1975,,81277.00,
340,Osie,Bruen,M,18/08/1979,TE,85492.00,
160,Kelley,Stiedemann,,14/09/1977,PE,78564.00,
646,Nova,Predovic,,25/01/1997,PE,103012.00,
841,Annamarie,Blanda,M,23/03/1982,PE,106169.00,
39,Gilda,Gerlach,F,25/06/1987,PE,58922.00,
759,Selene,Grady,,31/03/1991,PE,139412.00,
520,Kasey,Christiansen,,09/08/1976,CA,121419.00,
635,Lolita,Kuvalis,F,29/07/1988,PE,140096.00,
753,Jayne,Blanda,M,23/01/1987,PE,92728.00,
245,Rico,Wilderman,M,29/12/1970,PE,73523.00,
177,Alena,Johns,M,30/07/1980,PE,64689.00,
668,Lorinda,Rogahn,,20/10/1991,PE,95436.00,
329,Elizabet,Dickinson,F,13/03/1985,CA,117526.00,
954,Carin,Prosacco,M,24/06/1987,TE,143630.00,
449,Eugenia,Will,F,17/08/1976,PE,66967.00,
457,Dorathy,Senger,M,26/12/1993,CA,64114.00,
522,Sannie,White,M,13/05/1975,,117537.00,
928,Ottis,Collier,M,20/11/1993,PE,109456.00,
702,Clella,Greenholt,,01/06/1994,PE,121203.00,
845,Candace,Predovic,M,02/03/1986,TE,98922.00,
232,Marland,Bayer,F,10/04/1991,TE,144022.00,
411,Brody,Hegmann,F,22/04/1978,PE,132509.00,
965,Sudie,Mayert,M,27/08/1994,,115256.00,
541,Madalyn,Dach,M,11/07/1979,PE,143222.00,
983,Randell,Dickens,M,27/06/1981,PE,98427.00,
260,Hillard,Aufderhar,,21/01/1985,PE,93850.00,
5,Carly,Ratke,M,16/01/1998,PE,88315.00,
953,Pleas,Flatley,M,24/12/1973,PE,72630.00,
600,Ewell,Hammes,M,05/09/1972,PE,119049.00,
462,Helena,Denesik,M,15/01/1975,PE,57771.00,
725,Corene,Boehm,M,11/02/1972,TE,76070.00,
520,Octavio,Emard,,29/01/1975,PE,133131.00,
279,Jarod,Jerde,,30/01/1979,PE,113984.00,
745,Tremaine,Stanton,F,29/07/1973,PE,115953.00,
154,Jiles,Osinski,M,03/12/1981,,59309.00,
854,Ama,Hilll,,10/08/1997,,98448.00,
729,Abril,Hansen,,25/01/1971,TE,66703.00,
745,Stephenie,White,M,11/01/1995,PE,109304.00,
847,Cory,Funk,F,18/02/1999,PE,80614.00,
749,Berneice,Wilkinson,M,15/08/1979,PE,91162.00,
777,Charlsie,Schuppe,,24/03/1976,PE,78911.00,
229,Octave,Grant,,28/04/1975,,69936.00,
176,Breonna,Schaefer,F,28/06/1982,PE,105640.00,
517,Ashley,Emard,F,09/01/1971,PE,149670.00,
163,Offie,Bernier,M,18/12/1983,PE,89910.00,
191,Denice,Hand,F,29/10/1994,TE,83935.00,
775,Verna,Kunze,F,05/08/1991,PE,100598.00,
191,Jacquez,Halvorson,F,03/08/1991,PE,55690.00,
211,Savon,Lubowitz,M,11/11/1972,PE,110521.00,
936,Freda,Dare,,04/03/1970,PE,97777.00,
769,Ardell,Carter,F,09/07/1993,TE,129321.00,
719,Leola,Schroeder,F,31/12/1972,PE,72369.00,
213,Willie,O'Keefe,F,12/01/1998,PE,124504.00,
242,Clemence,O'Connell,F,24/06/1984,PE,92830.00,
930,Joshuah,O'Keefe,M,05/01/1974,CA,142896.00,
141,Thurman,Bosco,F,29/06/1973,PE,130265.00,
813,Cyril,Fahey,M,16/04/1971,CA,146821.00,
227,Xiomara,Armstrong,,29/07/1996,PE,145164.00,
62,Jarred,Kilback,M,28/03/1990,PE,56123.00,
476,Claiborne,Lockman,F,21/12/1980,PE,87904.00,
801,Raven,Hammes,M,20/06/1988,,97382.00,
362,Woodson,Dietrich,,31/05/1992,PE,77757.00,
452,Brittaney,Wisoky,M,03/02/1974,PE,114863.00,
321,Lim,Schmitt,M,19/02/1974,CA,128365.00,
80,Adella,Hintz,F,21/12/1970,PE,116692.00,
466,Isom,Hartmann,,28/07/1986,TE,144872.00,
884,Nelly,Kiehn,F,23/10/1970,,59296.00,
188,,,,,,,
101,Delvin,Schuppe,M,05/06/1997,PE,62462.00,
720,Alfred,Wiza,F,20/02/1999,TE,61723.00,
73,Gregorio,Christiansen,M,25/07/1986,TE,112205.00,
599,Echo,Lowe,F,29/12/1984,PE,58458.00,
781,Romeo,Kohler,F,30/09/1970,CA,75400.00,
508,Ally,Turcotte,,30/06/1994,PE,130803.00,
415,Quintin,Halvorson,M,07/06/1976,,81527.00,
36,Lukas,Kunze,,29/09/1996,TE,139432.00,
584,Kymani,Erdman,,13/05/1989,TE,82247.00,
516,Sherrie,Parker,,17/11/1977,CA,115952.00,
277,Meta,Denesik,F,21/12/1971,PE,65794.00,
5,Christopher,D'Amore,F,16/03/1974,PE,103614.00,
790,Johnny,Wehner,F,04/07/1974,,72728.00,
21,Ezequiel,Baumbach,M,19/12/1992,PE,131575.00,
747,Charley,Hessel,M,23/03/1998,PE,90608.00,
137,Winston,Sipes,M,22/05/1998,PE,106134.00,
600,Lani,Lang,M,06/07/1974,,105188.00,
269,Kiya,Reynolds,F,01/04/1981,,100427.00,
222,Beckie,Welch,F,13/05/1983,,85858.00,
73,Brandon,Stokes,F,23/01/1980,,117282.00,
681,Kassie,Rogahn,F,23/09/1985,PE,110676.00,
459,Claiborne,Kuhn,F,15/05/1995,PE,58088.00,
710,Noreen,Bayer,M,26/07/1985,,131732.00,
814,Chaya,Zboncak,M,16/05/1989,PE,62362.00,
267,Eliot,Johnston,M,27/10/1979,PE,121358.00,
765,Kristen,Bechtelar,,17/06/1994,TE,95144.00,
666,Alysha,Greenholt,,24/01/1984,TE,141005.00,
910,Dereck,Jacobson,F,27/01/1977,,79325.00,
583,Mabel,O'Hara,F,28/10/1982,PE,136284.00,
985,Elba,Predovic,F,17/08/1990,PE,104396.00,
735,Lucius,Kautzer,F,24/07/1994,CA,77156.00,
947,Kirby,Schmitt,M,19/01/1970,PE,138064.00,
57,Jamin,Gerhold,M,09/08/1996,PE,114066.00,
866,Evonne,Conn,M,21/09/1992,PE,55730.00,
126,Redmond,Zieme,M,06/04/1979,CA,90315.00,
886,Ambers,Bergstrom,F,26/04/1975,,119200.00,
149,Sheilah,Hoeger,F,11/12/1990,PE,57102.00,
460,Erin,Schmidt,,30/11/1996,PE,107436.00,
928,West,Blanda,M,21/08/1999,PE,71422.00,
396,Rudolfo,Schumm,F,06/08/1987,CA,110232.00,
640,Clint,Feil,F,18/12/1975,PE,120068.00,
784,Duard,Reichert,F,22/05/1984,PE,146078.00,
254,Leonor,Reynolds,F,09/04/1989,CA,79301.00,
814,Laddie,Stroman,F,11/01/1996,PE,72613.00,
124,Edrie,Wilderman,F,03/02/1976,,117636.00,
873,Minta,Schmitt,F,17/04/1972,CA,108987.00,
337,Carlota,Ruecker,,14/05/1973,PE,141437.00,
147,Bryan,Schulist,M,10/09/1972,PE,146652.00,
889,Zechariah,Will,F,27/06/1977,PE,127310.00,
354,Levon,Reinger,F,10/01/1980,PE,100738.00,
980,Gisselle,Goodwin,M,02/01/1990,TE,136427.00,
328,Randal,Greenholt,F,05/05/1996,CA,121584.00,
207,TRUE,Mante,M,29/04/1984,TE,84350.00,
517,Dinah,Ortiz,,21/07/1991,,129401.00,
281,Simon,Ortiz,F,18/05/1978,,67293.00,
390,Rosanne,Kihn,M,02/01/1990,PE,149941.00,
309,Beatriz,Brakus,,12/07/1974,TE,118988.00,
637,Iyanna,Bauch,F,12/06/1985,PE,117873.00,
217,Ryann,Mertz,M,21/06/1997,,83567.00,
480,Guss,Schultz,,27/04/1996,PE,95139.00,
690,Dejah,Mertz,F,06/08/1978,PE,113054.00,
492,Irl,Okuneva,M,04/10/1981,PE,58334.00,
126,Rayfield,Armstrong,,16/01/1974,PE,121744.00,
797,Oline,Bednar,F,02/11/1992,TE,121636.00,
679,Marie,Gibson,M,22/03/1982,,138310.00,
217,Adrian,Christiansen,F,20/05/1992,PE,118067.00,
775,Anfernee,Mitchell,F,17/05/1988,PE,92425.00,
599,Joshuah,Walker,F,12/04/1982,TE,127064.00,
908,Angella,Stanton,F,02/08/1995,,104029.00,
824,Mathilda,Cormier,F,07/08/1978,TE,140012.00,
698,Elvis,Kunze,M,19/06/1979,PE,138143.00,
841,Sarai,Heidenreich,F,08/03/1983,PE,76742.00,
54,Keandre,Herzog,M,27/06/1991,PE,133885.00,
818,Mikeal,Deckow,M,05/12/1970,TE,99191.00,
792,Akeem,Mann,F,26/11/1974,PE,120863.00,
906,Augustin,Bins,,27/06/1987,PE,136597.00,
751,Eric,Gislason,,29/10/1984,TE,70713.00,
43,Montel,Kunde,F,29/07/1996,CA,105292.00,
628,Lucretia,Shanahan,,02/07/1983,CA,128515.00,
749,Drake,Conroy,F,28/11/1988,TE,146475.00,
134,Seth,Schuppe,,23/11/1986,,148986.00,
623,Tyrique,Gusikowski,F,10/02/1971,PE,145009.00,
430,Stephan,Streich,,08/02/1995,PE,80348.00,
490,Beula,Koss,F,29/04/1971,,77730.00,
669,Evaline,Bashirian,,20/12/1988,PE,108479.00,
920,Devan,Harris,M,26/09/1972,PE,124033.00,
291,Berneice,Powlowski,,25/11/1980,PE,146171.00,
363,Moody,Padberg,F,27/06/1996,PE,117535.00,
378,Jeannine,Hyatt,,18/11/1970,PE,126739.00,
710,Jaycee,Koss,M,15/10/1971,TE,147143.00,
151,Truman,Hansen,M,15/01/1999,PE,108002.00,
994,Gertie,Veum,M,16/11/1994,,78682.00,
430,Octavia,Schaefer,,23/02/1971,TE,119608.00,
185,Thomas,Leffler,M,27/01/1991,PE,96328.00,
222,Caddie,Toy,F,16/12/1986,PE,74409.00,
921,Kory,Luettgen,M,28/04/1993,PE,70790.00,
218,Kaiden,Hayes,,06/04/1975,CA,143624.00,
666,Ross,Konopelski,F,30/05/1999,,87013.00,
809,Milas,Williamson,F,02/11/1977,PE,93584.00,
233,Leo,Bartell,,07/07/1995,PE,74990.00,
607,Stuart,Cronin,F,18/11/1971,,128312.00,
780,Elaine,Von,M,06/07/1972,PE,63224.00,
542,Casimer,Reynolds,M,06/01/1980,PE,76821.00,
75,Kayson,Towne,F,08/11/1980,TE,68757.00,
166,Ailene,Bradtke,M,27/10/1977,TE,126848.00,
780,Hailey,Luettgen,M,25/02/1979,PE,64791.00,
660,Rebekah,Ullrich,F,04/12/1986,,118321.00,
590,Santana,Jones,F,09/03/1999,TE,85004.00,
214,Debbie,Bayer,F,31/12/1983,PE,140985.00,
34,Danyel,Considine,F,05/05/1973,PE,61059.00,
79,Dorsey,Zemlak,M,30/10/1988,,72049.00,
590,Deidre,Graham,F,18/02/1984,,85806.00,
233,Bryce,Beatty,M,15/12/1970,CA,57111.00,
860,Tera,Glover,M,07/04/1972,TE,123495.00,
731,Abraham,Botsford,M,01/06/1990,,80828.00,
189,Clarke,Block,,10/07/1982,PE,80576.00,
668,Karrie,Prosacco,F,23/12/1970,PE,119203.00,
160,Daniele,Kassulke,M,28/04/1989,PE,138123.00,
56,Seth,Rippin,M,11/04/1976,PE,148561.00,
406,Vida,Hintz,F,28/10/1971,PE,121373.00,
91,Glennis,Abshire,M,19/01/1992,,104223.00,
743,Dessa,Crona,F,06/04/1975,,60560.00,
767,Joshua,Renner,M,26/02/1979,PE,109423.00,
88,Tempie,Heller,F,10/07/1983,PE,141141.00,
419,Tari,Waelchi,F,08/10/1998,PE,84696.00,
724,Gunnar,Prosacco,M,26/01/1979,PE,126024.00,
607,Alto,Wisozk,F,11/01/1975,PE,136728.00,
792,Nanci,Schuppe,F,30/12/1989,PE,56949.00,
367,Kerwin,Purdy,,03/01/1979,PE,55215.00,
835,Olar,Pagac,M,15/02/1997,,93548.00,
260,Karley,Hahn,M,24/08/1984,PE,134543.00,
772,Linsey,Grant,F,11/11/1974,PE,73168.00,
36,Callie,Lesch,M,04/10/1992,,66278.00,
699,Gloria,Treutel,F,16/12/1995,PE,100276.00,
544,Henrietta,Greenholt,,06/04/1977,PE,93206.00,
931,Sommer,Johnston,F,24/11/1972,PE,95217.00,
995,Diamond,Corkery,M,25/05/1974,PE,132008.00,
893,Cheyenne,Schroeder,M,21/02/1972,CA,126051.00,
301,Jimmie,Wisoky,F,15/03/1982,PE,55945.00,
95,Jase,Dibbert,M,03/12/1972,PE,146698.00,
819,Jed,Casper,,21/04/1998,CA,98343.00,
137,Rosco,Lynch,,20/06/1989,PE,103499.00,
562,Alpheus,Mayer,F,25/01/1977,PE,83631.00,
385,Marina,Stark,M,19/02/1995,TE,98078.00,
97,Jonnie,McDermott,M,13/07/1980,CA,100740.00,
916,Jerrad,Orn,,15/12/1976,PE,142640.00,
762,Fitzgerald,Welch,M,11/04/1991,CA,88134.00,
308,Elberta,Harvey,F,29/12/1988,PE,146691.00,
799,Valentino,Hudson,M,16/09/1988,PE,98463.00,
606,Patty,Swift,F,26/12/1987,CA,126589.00,
712,Dann,Crooks,,25/12/1983,CA,66592.00,
132,Maxim,Orn,M,01/03/1971,CA,127966.00,
126,Kimberli,Walter,M,07/03/1976,CA,60712.00,
277,Talmage,Bartell,F,19/02/1989,PE,103606.00,
960,Laurie,Nienow,M,01/04/1993,PE,127405.00,
